-- MySQL Script generated by MySQL Workbench
-- 11/25/16 17:46:16
-- Model: New Model    Version: 1.0
-- MySQL Workbench Forward Engineering

--SET @OLD_UNIQUE_CHECKS=@@UNIQUE_CHECKS, UNIQUE_CHECKS=0;
--SET @OLD_FOREIGN_KEY_CHECKS=@@FOREIGN_KEY_CHECKS, FOREIGN_KEY_CHECKS=0;
--SET @OLD_SQL_MODE=@@SQL_MODE, SQL_MODE='TRADITIONAL,ALLOW_INVALID_DATES';

-- -----------------------------------------------------
-- Schema pizzeria
-- -----------------------------------------------------
DROP SCHEMA IF EXISTS pizzeria ;

-- -----------------------------------------------------
-- Schema pizzeria
-- -----------------------------------------------------
CREATE SCHEMA IF NOT EXISTS pizzeria ;


-- -----------------------------------------------------
-- Table pizzeria.COMPONENTS
-- -----------------------------------------------------
DROP TABLE IF EXISTS pizzeria.COMPONENTS ;

CREATE TABLE IF NOT EXISTS pizzeria.COMPONENTS (
  ID  SERIAL PRIMARY KEY,
  NAME VARCHAR(50) NULL,
  PRIZE REAL NULL,
  PRIMARY KEY (ID));



-- -----------------------------------------------------
-- Table pizzeria.PIZZA
-- -----------------------------------------------------
DROP TABLE IF EXISTS pizzeria.PIZZA ;

CREATE TABLE IF NOT EXISTS pizzeria.PIZZA (
  ID  SERIAL PRIMARY KEY,
  NAME VARCHAR(50) NULL,
  COMMENTS VARCHAR(400) NULL,
  PRIZE REAL NULL)
;


-- -----------------------------------------------------
-- Table pizzeria.PIZZA_COMPONENTS
-- -----------------------------------------------------
DROP TABLE IF EXISTS pizzeria.PIZZA_COMPONENTS ;

CREATE TABLE IF NOT EXISTS pizzeria.PIZZA_COMPONENTS (
  COMPONENT_ID INT NOT NULL,
  PIZZA_ID INT NOT NULL,
  AMOUNT REAL NULL,
  PRIMARY KEY (COMPONENT_ID, PIZZA_ID),
  --INDEX FK_PC_PIZZA_ID_idx (PIZZA_ID ASC),
  CONSTRAINT FK_PC_PIZZA_ID
    FOREIGN KEY (PIZZA_ID)
    REFERENCES pizzeria.PIZZA (ID)
    ON DELETE NO ACTION
    ON UPDATE NO ACTION,
  CONSTRAINT FK_PC_COMPONENTS_ID
    FOREIGN KEY (COMPONENT_ID)
    REFERENCES pizzeria.COMPONENTS (ID)
    ON DELETE NO ACTION
    ON UPDATE NO ACTION);
--ENGINE = InnoDB;


-- -----------------------------------------------------
-- Table pizzeria.ORDER
-- -----------------------------------------------------
DROP TABLE IF EXISTS pizzeria.ORDER ;

CREATE TABLE IF NOT EXISTS pizzeria.ORDER (
  ID  SERIAL PRIMARY KEY);
--ENGINE = InnoDB;


-- -----------------------------------------------------
-- Table pizzeria.PIZZA_ORDER
-- -----------------------------------------------------
DROP TABLE IF EXISTS pizzeria.PIZZA_ORDER ;

CREATE TABLE IF NOT EXISTS pizzeria.PIZZA_ORDER (
  PIZZA_ID INT NOT NULL,
  ORDER_ID INT NOT NULL,
  COUNT INT NULL,
  PRIMARY KEY (PIZZA_ID, ORDER_ID),
  --INDEX FK_PO_ORDER_ID_idx (ORDER_ID ASC),
  CONSTRAINT FK_PO_ORDER_ID
    FOREIGN KEY (ORDER_ID)
    REFERENCES pizzeria.ORDER (ID)
    ON DELETE NO ACTION
    ON UPDATE NO ACTION,
  CONSTRAINT FK_PO_PIZZA_ID
    FOREIGN KEY (PIZZA_ID)
    REFERENCES pizzeria.PIZZA (ID)
    ON DELETE NO ACTION
    ON UPDATE NO ACTION);
--ENGINE = InnoDB;


--SET SQL_MODE=@OLD_SQL_MODE;
--SET FOREIGN_KEY_CHECKS=@OLD_FOREIGN_KEY_CHECKS;
--SET UNIQUE_CHECKS=@OLD_UNIQUE_CHECKS;

-- -----------------------------------------------------
-- Data for table pizzeria.COMPONENTS
-- -----------------------------------------------------
START TRANSACTION;
--USE pizzeria;
INSERT INTO pizzeria.COMPONENTS (ID, NAME, PRIZE) VALUES (1, 'Mozarrella', 80);
INSERT INTO pizzeria.COMPONENTS (ID, NAME, PRIZE) VALUES (2, 'Tomatoes', 30);
INSERT INTO pizzeria.COMPONENTS (ID, NAME, PRIZE) VALUES (3, 'Dough', 50);
INSERT INTO pizzeria.COMPONENTS (ID, NAME, PRIZE) VALUES (4, 'Bazillic', 15);
INSERT INTO pizzeria.COMPONENTS (ID, NAME, PRIZE) VALUES (5, 'Olive oil', 98);
INSERT INTO pizzeria.COMPONENTS (ID, NAME, PRIZE) VALUES (6, 'Souce tomatoes', 70);
INSERT INTO pizzeria.COMPONENTS (ID, NAME, PRIZE) VALUES (7, 'Sousages', 120);
INSERT INTO pizzeria.COMPONENTS (ID, NAME, PRIZE) VALUES (8, 'Garlic', 70);

COMMIT;


-- -----------------------------------------------------
-- Data for table pizzeria.PIZZA
-- -----------------------------------------------------
START TRANSACTION;
--USE pizzeria;
INSERT INTO pizzeria.PIZZA (ID, NAME, COMMENTS, PRIZE) VALUES (1, 'Mozarrella', 'Traditional pizza from italy without meat', 90);
INSERT INTO pizzeria.PIZZA (ID, NAME, COMMENTS, PRIZE) VALUES (2, 'Pepperoni', 'Traditional meat pizza', NULL);

COMMIT;


-- -----------------------------------------------------
-- Data for table pizzeria.PIZZA_COMPONENTS
-- -----------------------------------------------------
START TRANSACTION;
--USE pizzeria;
INSERT INTO pizzeria.PIZZA_COMPONENTS (COMPONENT_ID, PIZZA_ID, AMOUNT) VALUES (1, 1, 0.15);
INSERT INTO pizzeria.PIZZA_COMPONENTS (COMPONENT_ID, PIZZA_ID, AMOUNT) VALUES (2, 1, 0.2);
INSERT INTO pizzeria.PIZZA_COMPONENTS (COMPONENT_ID, PIZZA_ID, AMOUNT) VALUES (3, 1, 0.23);
INSERT INTO pizzeria.PIZZA_COMPONENTS (COMPONENT_ID, PIZZA_ID, AMOUNT) VALUES (4, 1, 0.01);
INSERT INTO pizzeria.PIZZA_COMPONENTS (COMPONENT_ID, PIZZA_ID, AMOUNT) VALUES (6, 1, 0.1);
INSERT INTO pizzeria.PIZZA_COMPONENTS (COMPONENT_ID, PIZZA_ID, AMOUNT) VALUES (5, 1, 0.05);
INSERT INTO pizzeria.PIZZA_COMPONENTS (COMPONENT_ID, PIZZA_ID, AMOUNT) VALUES (1, 2, 0.2);
INSERT INTO pizzeria.PIZZA_COMPONENTS (COMPONENT_ID, PIZZA_ID, AMOUNT) VALUES (2, 2, 0.1);
INSERT INTO pizzeria.PIZZA_COMPONENTS (COMPONENT_ID, PIZZA_ID, AMOUNT) VALUES (3, 2, 0.3);
INSERT INTO pizzeria.PIZZA_COMPONENTS (COMPONENT_ID, PIZZA_ID, AMOUNT) VALUES (4, 2, 0.01);
INSERT INTO pizzeria.PIZZA_COMPONENTS (COMPONENT_ID, PIZZA_ID, AMOUNT) VALUES (5, 2, 0.01);
INSERT INTO pizzeria.PIZZA_COMPONENTS (COMPONENT_ID, PIZZA_ID, AMOUNT) VALUES (8, 2, 0.05);

COMMIT;